label,convo_id,how_enjoyable,shared_reality,responsive,conversationalist,i_like_you,in_common,paper_pcs_proxy,short_id,hf_recording_path,dyad_gender,how_enjoyable_n_raters,shared_reality_n_raters,responsive_n_raters,conversationalist_n_raters,i_like_you_n_raters,in_common_n_raters,paper_pcs_proxy_n_raters
HSC,012dd705-ee62-49f6-8016-cf2e3cc066e4,9.0,6.625,6.666666666666666,97.5,7.0,8.0,0.9799242424242425,012dd705,012dd705-ee62-49f6-8016-cf2e3cc066e4/processed/012dd705-ee62-49f6-8016-cf2e3cc066e4.mp3,female-female,2,2,2,2,2,2,2
HSC,06afb9c1-b367-45c7-a9ff-74c47a2cb61c,9.0,6.125,6.5,95.5,7.0,9.0,0.9415151515151516,06afb9c1,06afb9c1-b367-45c7-a9ff-74c47a2cb61c/processed/06afb9c1-b367-45c7-a9ff-74c47a2cb61c.mp3,female-female,2,2,2,2,2,2,2
HSC,06b83c0a-7bf1-4cf9-9e72-034615d97050,9.0,5.8125,6.5,93.5,7.0,6.5,0.9387878787878787,06b83c0a,06b83c0a-7bf1-4cf9-9e72-034615d97050/processed/06b83c0a-7bf1-4cf9-9e72-034615d97050.mp3,female-male,2,2,2,2,2,2,2
HSC,11303b4f-a7fe-4c9a-80cd-4191e3c2b930,9.0,5.9375,7.0,92.0,7.0,8.5,0.9136363636363636,11303b4f,11303b4f-a7fe-4c9a-80cd-4191e3c2b930/processed/11303b4f-a7fe-4c9a-80cd-4191e3c2b930.mp3,female-female,2,2,2,2,2,2,2
HSC,115ba192-7e26-497b-85b2-adf378b33387,9.0,6.0,7.0,96.0,7.0,8.0,0.9112121212121213,115ba192,115ba192-7e26-497b-85b2-adf378b33387/processed/115ba192-7e26-497b-85b2-adf378b33387.mp3,contains_other_or_unknown,1,1,1,1,1,1,1
HSC,13f6956b-ff2a-4ad3-aed6-8fd3cfdb2cd4,9.0,5.875,6.0,85.0,7.0,8.0,0.9030303030303031,13f6956b,13f6956b-ff2a-4ad3-aed6-8fd3cfdb2cd4/processed/13f6956b-ff2a-4ad3-aed6-8fd3cfdb2cd4.mp3,contains_other_or_unknown,1,1,1,1,1,1,1
HSC,14642cb6-c054-4403-9c04-ef62460950b5,9.0,5.5,6.666666666666667,97.0,7.0,7.5,0.9586363636363636,14642cb6,14642cb6-c054-4403-9c04-ef62460950b5/processed/14642cb6-c054-4403-9c04-ef62460950b5.mp3,female-female,2,2,2,2,2,2,2
HSC,1c0e34d9-5c5c-4e74-9046-216fcd5cbd6d,9.0,6.625,6.333333333333334,95.0,7.0,8.0,0.9621212121212122,1c0e34d9,1c0e34d9-5c5c-4e74-9046-216fcd5cbd6d/processed/1c0e34d9-5c5c-4e74-9046-216fcd5cbd6d.mp3,female-male,2,2,2,2,2,2,2
HSC,1d932c05-9340-4f74-90a5-1820ae5c1646,9.0,6.4375,6.833333333333334,94.0,7.0,7.0,0.9392424242424242,1d932c05,1d932c05-9340-4f74-90a5-1820ae5c1646/processed/1d932c05-9340-4f74-90a5-1820ae5c1646.mp3,contains_other_or_unknown,2,2,2,2,2,2,2
HSC,1e3c22d6-422c-4921-8892-e31e09f9a2f6,9.0,4.625,4.666666666666667,85.0,7.0,8.0,0.9204545454545454,1e3c22d6,1e3c22d6-422c-4921-8892-e31e09f9a2f6/processed/1e3c22d6-422c-4921-8892-e31e09f9a2f6.mp3,contains_other_or_unknown,1,1,1,1,1,1,1
HSC,1f27e83c-e6e2-45de-9200-fbbf0541b2c1,9.0,5.625,6.666666666666666,86.5,6.5,7.5,0.9385606060606062,1f27e83c,1f27e83c-e6e2-45de-9200-fbbf0541b2c1/processed/1f27e83c-e6e2-45de-9200-fbbf0541b2c1.mp3,female-female,2,2,2,2,2,2,2
HSC,202d99fa-91ea-4893-a15f-365039e198b6,9.0,6.625,6.166666666666666,93.0,7.0,9.0,0.9381060606060606,202d99fa,202d99fa-91ea-4893-a15f-365039e198b6/processed/202d99fa-91ea-4893-a15f-365039e198b6.mp3,female-male,2,2,2,2,2,2,2
HSC,209e1eea-1c64-41bb-8707-47c4d77e7e92,9.0,5.25,6.5,95.0,7.0,8.0,0.9740909090909091,209e1eea,209e1eea-1c64-41bb-8707-47c4d77e7e92/processed/209e1eea-1c64-41bb-8707-47c4d77e7e92.mp3,female-male,2,2,2,2,2,2,2
HSC,22a2c682-eb92-4e85-b570-7418de44ad58,9.0,5.875,6.5,96.5,7.0,6.5,0.9231060606060606,22a2c682,22a2c682-eb92-4e85-b570-7418de44ad58/processed/22a2c682-eb92-4e85-b570-7418de44ad58.mp3,male-male,2,2,2,2,2,2,2
HSC,231d78a6-e5bc-47da-bad1-67988b9c7dad,9.0,5.0,6.0,92.0,7.0,7.0,0.956969696969697,231d78a6,231d78a6-e5bc-47da-bad1-67988b9c7dad/processed/231d78a6-e5bc-47da-bad1-67988b9c7dad.mp3,female-female,2,2,2,2,2,2,2
HSC,2699024b-93f4-48b8-ac08-3012274a47fa,9.0,5.5,6.5,95.0,7.0,9.0,0.9170454545454546,2699024b,2699024b-93f4-48b8-ac08-3012274a47fa/processed/2699024b-93f4-48b8-ac08-3012274a47fa.mp3,female-female,2,2,2,2,2,2,2
HSC,2b209eb6-0d48-4ebb-9290-5a027ffa3c72,9.0,5.6875,6.166666666666666,93.0,7.0,8.5,0.9658333333333333,2b209eb6,2b209eb6-0d48-4ebb-9290-5a027ffa3c72/processed/2b209eb6-0d48-4ebb-9290-5a027ffa3c72.mp3,female-female,2,2,2,2,2,2,2
HSC,2b5ecfe7-75e9-4744-b6bd-805b525fa5ee,8.5,4.6875,6.166666666666666,93.0,7.0,7.0,0.9261363636363635,2b5ecfe7,2b5ecfe7-75e9-4744-b6bd-805b525fa5ee/processed/2b5ecfe7-75e9-4744-b6bd-805b525fa5ee.mp3,female-male,2,2,2,2,2,2,2
HSC,2d7f1113-de9d-4e61-bdbe-38a9bd2a1121,9.0,4.0625,6.0,82.5,7.0,7.5,0.9522727272727274,2d7f1113,2d7f1113-de9d-4e61-bdbe-38a9bd2a1121/processed/2d7f1113-de9d-4e61-bdbe-38a9bd2a1121.mp3,female-female,2,2,2,2,2,2,2
HSC,2e6ecec2-ee12-4fd2-af36-e5477d3a5081,9.0,4.625,6.0,88.0,7.0,9.0,0.9490909090909092,2e6ecec2,2e6ecec2-ee12-4fd2-af36-e5477d3a5081/processed/2e6ecec2-ee12-4fd2-af36-e5477d3a5081.mp3,female-female,2,2,2,2,2,2,2
HSC,307f0b6d-5703-411c-aec8-f2fbd6f099e8,9.0,6.0625,6.333333333333334,95.5,7.0,8.5,0.9936363636363637,307f0b6d,307f0b6d-5703-411c-aec8-f2fbd6f099e8/processed/307f0b6d-5703-411c-aec8-f2fbd6f099e8.mp3,female-female,2,2,2,2,2,2,2
HSC,30a5a4ba-5ca5-465f-8a8f-cda3d7737662,9.0,5.4375,7.0,91.5,7.0,6.5,0.9454545454545455,30a5a4ba,30a5a4ba-5ca5-465f-8a8f-cda3d7737662/processed/30a5a4ba-5ca5-465f-8a8f-cda3d7737662.mp3,female-male,2,2,2,2,2,2,2
HSC,30a69621-20ae-437e-bc61-7934ac8bc543,9.0,4.375,6.5,94.0,7.0,6.5,0.9224242424242424,30a69621,30a69621-20ae-437e-bc61-7934ac8bc543/processed/30a69621-20ae-437e-bc61-7934ac8bc543.mp3,female-female,2,2,2,2,2,2,2
HSC,377bc163-b127-4b18-9333-10c8ae16fb96,8.5,5.9375,6.5,100.0,7.0,6.5,0.9659090909090909,377bc163,377bc163-b127-4b18-9333-10c8ae16fb96/processed/377bc163-b127-4b18-9333-10c8ae16fb96.mp3,female-female,2,2,2,2,2,2,2
HSC,3a0b5df2-a40d-4eea-91ce-f95031502c58,9.0,5.25,6.666666666666666,85.0,7.0,4.0,0.9367424242424243,3a0b5df2,3a0b5df2-a40d-4eea-91ce-f95031502c58/processed/3a0b5df2-a40d-4eea-91ce-f95031502c58.mp3,female-female,2,2,2,2,2,2,2
HSC,3e53be18-2e59-4bcd-a5df-08ac30669ef6,9.0,6.5,7.0,92.5,7.0,8.5,0.9659090909090908,3e53be18,3e53be18-2e59-4bcd-a5df-08ac30669ef6/processed/3e53be18-2e59-4bcd-a5df-08ac30669ef6.mp3,female-female,2,2,2,2,2,2,2
HSC,40e347bb-13d7-44bf-859c-19f70a470f66,9.0,5.25,6.5,95.0,7.0,8.0,0.9615151515151515,40e347bb,40e347bb-13d7-44bf-859c-19f70a470f66/processed/40e347bb-13d7-44bf-859c-19f70a470f66.mp3,female-male,2,2,2,2,2,2,2
HSC,433c9a8c-8a0e-4eb4-8a32-d366a5aeee84,9.0,6.3125,6.5,95.0,7.0,9.0,0.9711363636363637,433c9a8c,433c9a8c-8a0e-4eb4-8a32-d366a5aeee84/processed/433c9a8c-8a0e-4eb4-8a32-d366a5aeee84.mp3,male-male,2,2,2,2,2,2,2
HSC,437d7142-ef5c-4c73-a958-21e32cd3a75a,9.0,6.0625,7.0,91.0,7.0,9.0,0.9195454545454546,437d7142,437d7142-ef5c-4c73-a958-21e32cd3a75a/processed/437d7142-ef5c-4c73-a958-21e32cd3a75a.mp3,male-male,2,2,2,2,2,2,2
HSC,45389a74-f82e-4a2a-b553-5eea7be9e935,9.0,6.125,7.0,93.0,7.0,9.0,0.9590151515151515,45389a74,45389a74-f82e-4a2a-b553-5eea7be9e935/processed/45389a74-f82e-4a2a-b553-5eea7be9e935.mp3,female-male,2,2,2,2,2,2,2
HSC,4857d57c-b994-4116-aeba-af8ab658ad36,9.0,4.5625,6.5,95.0,7.0,6.0,0.9246969696969698,4857d57c,4857d57c-b994-4116-aeba-af8ab658ad36/processed/4857d57c-b994-4116-aeba-af8ab658ad36.mp3,female-male,2,2,2,2,2,2,2
HSC,4b51167f-3c2d-4c94-b08d-a8b41522ee33,9.0,5.6875,7.0,85.0,7.0,7.5,0.9151515151515153,4b51167f,4b51167f-3c2d-4c94-b08d-a8b41522ee33/processed/4b51167f-3c2d-4c94-b08d-a8b41522ee33.mp3,male-male,2,2,2,2,2,2,2
HSC,4c126110-fd71-4cc3-93a8-82bc5c2daf51,9.0,5.6875,6.0,70.5,6.5,8.5,0.9197727272727273,4c126110,4c126110-fd71-4cc3-93a8-82bc5c2daf51/processed/4c126110-fd71-4cc3-93a8-82bc5c2daf51.mp3,female-male,2,2,2,2,2,2,2
HSC,5ab6dbec-f52d-4df2-ba45-78b92fb1cb9f,9.0,6.625,7.0,100.0,7.0,9.0,1.0,5ab6dbec,5ab6dbec-f52d-4df2-ba45-78b92fb1cb9f/processed/5ab6dbec-f52d-4df2-ba45-78b92fb1cb9f.mp3,female-female,2,2,2,2,2,2,2
HSC,5c54c47c-9c0a-4a9b-b82d-a5b353dc50f9,8.5,6.3125,6.833333333333334,92.5,7.0,8.5,0.9511363636363637,5c54c47c,5c54c47c-9c0a-4a9b-b82d-a5b353dc50f9/processed/5c54c47c-9c0a-4a9b-b82d-a5b353dc50f9.mp3,female-male,2,2,2,2,2,2,2
HSC,5c6f6632-c722-4041-9d36-5ada31c42471,8.5,6.25,6.333333333333334,93.5,7.0,5.5,0.9252272727272728,5c6f6632,5c6f6632-c722-4041-9d36-5ada31c42471/processed/5c6f6632-c722-4041-9d36-5ada31c42471.mp3,female-male,2,2,2,2,2,2,2
HSC,5f3c5c14-1280-48c4-b6a5-97437ea68c94,9.0,4.875,6.0,100.0,7.0,7.0,0.9166666666666667,5f3c5c14,5f3c5c14-1280-48c4-b6a5-97437ea68c94/processed/5f3c5c14-1280-48c4-b6a5-97437ea68c94.mp3,contains_other_or_unknown,1,1,1,1,1,1,1
HSC,6365a56e-c7bc-4f08-9828-08537508f71d,9.0,5.8125,6.333333333333334,95.0,7.0,8.0,0.9435606060606061,6365a56e,6365a56e-c7bc-4f08-9828-08537508f71d/processed/6365a56e-c7bc-4f08-9828-08537508f71d.mp3,male-male,2,2,2,2,2,2,2
HSC,6e5975cf-1d81-47a0-a487-7cde60912857,9.0,5.5,7.0,92.0,7.0,7.5,0.9556060606060606,6e5975cf,6e5975cf-1d81-47a0-a487-7cde60912857/processed/6e5975cf-1d81-47a0-a487-7cde60912857.mp3,female-female,2,2,2,2,2,2,2
HSC,6ef72bdf-4e7a-461b-af13-7fa3c432a57a,9.0,6.5,6.333333333333333,90.0,7.0,8.0,0.9193181818181818,6ef72bdf,6ef72bdf-4e7a-461b-af13-7fa3c432a57a/processed/6ef72bdf-4e7a-461b-af13-7fa3c432a57a.mp3,male-male,2,2,2,2,2,2,2
HSC,718d778c-d62e-463a-97cd-d6d3550d19a3,9.0,6.1875,6.666666666666666,95.5,7.0,8.0,0.9913636363636364,718d778c,718d778c-d62e-463a-97cd-d6d3550d19a3/processed/718d778c-d62e-463a-97cd-d6d3550d19a3.mp3,female-male,2,2,2,2,2,2,2
HSC,7bfcf19d-17cb-4032-a673-2f4bb7759875,9.0,5.125,5.833333333333334,97.5,7.0,6.5,0.9156060606060605,7bfcf19d,7bfcf19d-17cb-4032-a673-2f4bb7759875/processed/7bfcf19d-17cb-4032-a673-2f4bb7759875.mp3,female-female,2,2,2,2,2,2,2
HSC,7c9458fd-c9f2-4b05-956c-33cd6c506d72,9.0,4.75,6.666666666666666,99.0,7.0,6.5,0.9498484848484848,7c9458fd,7c9458fd-c9f2-4b05-956c-33cd6c506d72/processed/7c9458fd-c9f2-4b05-956c-33cd6c506d72.mp3,female-male,2,2,2,2,2,2,2
HSC,84dfe7e5-5d17-43d2-a0db-d63cf67c8367,9.0,5.5,7.0,95.5,7.0,8.5,0.9496969696969697,84dfe7e5,84dfe7e5-5d17-43d2-a0db-d63cf67c8367/processed/84dfe7e5-5d17-43d2-a0db-d63cf67c8367.mp3,female-female,2,2,2,2,2,2,2
HSC,8579117f-bc62-4472-a9d6-731b627f4ed0,9.0,6.8125,7.0,100.0,7.0,8.0,0.9772727272727273,8579117f,8579117f-bc62-4472-a9d6-731b627f4ed0/processed/8579117f-bc62-4472-a9d6-731b627f4ed0.mp3,female-female,2,2,2,2,2,2,2
HSC,876dec66-b6e5-4b37-bd4c-201701303210,9.0,6.0625,7.0,96.0,7.0,9.0,0.9647727272727273,876dec66,876dec66-b6e5-4b37-bd4c-201701303210/processed/876dec66-b6e5-4b37-bd4c-201701303210.mp3,female-female,2,2,2,2,2,2,2
HSC,8a9561f0-0eb6-4650-be92-4bb03821fb7b,8.5,6.5,6.833333333333334,90.0,7.0,8.0,0.9177272727272727,8a9561f0,8a9561f0-0eb6-4650-be92-4bb03821fb7b/processed/8a9561f0-0eb6-4650-be92-4bb03821fb7b.mp3,female-female,2,2,2,2,2,2,2
HSC,8e76a02c-9b07-4a8a-b70d-0f8ff57b82e2,9.0,5.75,7.0,97.5,7.0,7.5,0.946590909090909,8e76a02c,8e76a02c-9b07-4a8a-b70d-0f8ff57b82e2/processed/8e76a02c-9b07-4a8a-b70d-0f8ff57b82e2.mp3,female-male,2,2,2,2,2,2,2
HSC,8fa48307-dc73-4a67-96ed-85b73cf8f8ea,9.0,4.5,6.833333333333334,86.0,7.0,6.0,0.9729545454545454,8fa48307,8fa48307-dc73-4a67-96ed-85b73cf8f8ea/processed/8fa48307-dc73-4a67-96ed-85b73cf8f8ea.mp3,male-male,2,2,2,2,2,2,2
HSC,934e0711-7abb-4a17-a73e-4e6b2b175547,9.0,5.1875,6.166666666666666,91.5,7.0,7.5,0.946590909090909,934e0711,934e0711-7abb-4a17-a73e-4e6b2b175547/processed/934e0711-7abb-4a17-a73e-4e6b2b175547.mp3,female-male,2,2,2,2,2,2,2
HSC,96db0ba2-2a0b-4e0c-9c15-a3dae109f929,8.0,4.3125,4.333333333333333,88.5,7.0,8.0,0.9122727272727273,96db0ba2,96db0ba2-2a0b-4e0c-9c15-a3dae109f929/processed/96db0ba2-2a0b-4e0c-9c15-a3dae109f929.mp3,female-male,2,2,2,2,2,2,2
HSC,9795fef3-f31a-426a-9c5d-e4b5ddd51880,9.0,5.4375,7.0,98.5,7.0,7.5,0.956590909090909,9795fef3,9795fef3-f31a-426a-9c5d-e4b5ddd51880/processed/9795fef3-f31a-426a-9c5d-e4b5ddd51880.mp3,female-male,2,2,2,2,2,2,2
HSC,a578f247-68aa-4e9a-a1e9-6c66bbaba13b,9.0,5.9375,6.0,87.0,7.0,8.0,0.9331060606060606,a578f247,a578f247-68aa-4e9a-a1e9-6c66bbaba13b/processed/a578f247-68aa-4e9a-a1e9-6c66bbaba13b.mp3,female-male,2,2,2,2,2,2,2
HSC,a8fb742b-2c7e-4e8e-9242-c4d8e1433650,9.0,5.875,6.666666666666666,96.0,7.0,8.0,0.9922727272727272,a8fb742b,a8fb742b-2c7e-4e8e-9242-c4d8e1433650/processed/a8fb742b-2c7e-4e8e-9242-c4d8e1433650.mp3,female-female,2,2,2,2,2,2,2
HSC,a9b5ef7f-314b-4d26-89d3-2b281f3e9819,9.0,5.5,7.0,82.5,7.0,9.0,0.9681818181818183,a9b5ef7f,a9b5ef7f-314b-4d26-89d3-2b281f3e9819/processed/a9b5ef7f-314b-4d26-89d3-2b281f3e9819.mp3,contains_other_or_unknown,2,2,2,2,2,2,2
HSC,a9ca3b45-894c-4d00-9428-e76a0cac8211,8.5,6.125,7.0,95.0,7.0,8.5,0.9428787878787879,a9ca3b45,a9ca3b45-894c-4d00-9428-e76a0cac8211/processed/a9ca3b45-894c-4d00-9428-e76a0cac8211.mp3,female-female,2,2,2,2,2,2,2
HSC,ab8eb2bc-577f-4842-809e-0001c217cfe6,9.0,5.9375,7.0,94.5,7.0,7.5,0.9683333333333334,ab8eb2bc,ab8eb2bc-577f-4842-809e-0001c217cfe6/processed/ab8eb2bc-577f-4842-809e-0001c217cfe6.mp3,female-female,2,2,2,2,2,2,2
HSC,ac019252-e608-4383-a8bf-fb8be5877cfe,9.0,6.125,6.5,88.0,7.0,7.5,0.9299999999999999,ac019252,ac019252-e608-4383-a8bf-fb8be5877cfe/processed/ac019252-e608-4383-a8bf-fb8be5877cfe.mp3,male-male,2,2,2,2,2,2,2
HSC,ac70f2fe-8432-4ccf-b995-6373cc32b9be,9.0,5.875,7.0,97.0,7.0,8.5,0.9706060606060607,ac70f2fe,ac70f2fe-8432-4ccf-b995-6373cc32b9be/processed/ac70f2fe-8432-4ccf-b995-6373cc32b9be.mp3,female-male,2,2,2,2,2,2,2
HSC,ada6c3c4-8c97-4b37-b1e1-a28706a194d5,9.0,5.75,6.833333333333334,100.0,7.0,8.0,0.9963636363636363,ada6c3c4,ada6c3c4-8c97-4b37-b1e1-a28706a194d5/processed/ada6c3c4-8c97-4b37-b1e1-a28706a194d5.mp3,female-female,2,2,2,2,2,2,2
HSC,b381599d-5420-4148-acb9-403141f5fb87,9.0,5.375,6.5,85.0,7.0,7.0,0.9588636363636363,b381599d,b381599d-5420-4148-acb9-403141f5fb87/processed/b381599d-5420-4148-acb9-403141f5fb87.mp3,female-male,2,2,2,2,2,2,2
HSC,b3d12e44-b38e-4c6f-b63f-2016f0f04b94,9.0,5.375,5.666666666666666,88.0,7.0,6.5,0.9247727272727273,b3d12e44,b3d12e44-b38e-4c6f-b63f-2016f0f04b94/processed/b3d12e44-b38e-4c6f-b63f-2016f0f04b94.mp3,female-male,2,2,2,2,2,2,2
HSC,b9e0eaaa-1013-4a5f-97b7-f1aaa7a04442,9.0,4.875,6.333333333333334,93.0,7.0,5.0,0.9381060606060605,b9e0eaaa,b9e0eaaa-1013-4a5f-97b7-f1aaa7a04442/processed/b9e0eaaa-1013-4a5f-97b7-f1aaa7a04442.mp3,female-female,2,2,2,2,2,2,2
HSC,bc4262ab-08ce-4085-9609-10cf3aee883c,9.0,6.25,6.5,92.5,7.0,8.5,0.9204545454545454,bc4262ab,bc4262ab-08ce-4085-9609-10cf3aee883c/processed/bc4262ab-08ce-4085-9609-10cf3aee883c.mp3,male-male,2,2,2,2,2,2,2
HSC,be788bd7-a0b2-4075-8c0d-d18a7fe841cb,9.0,5.375,6.666666666666667,99.0,7.0,8.0,0.9650000000000001,be788bd7,be788bd7-a0b2-4075-8c0d-d18a7fe841cb/processed/be788bd7-a0b2-4075-8c0d-d18a7fe841cb.mp3,female-female,2,2,2,2,2,2,2
HSC,c0c54a77-1d33-41a4-8e13-92a4840e82b8,9.0,7.0,7.0,100.0,7.0,9.0,0.9772727272727273,c0c54a77,c0c54a77-1d33-41a4-8e13-92a4840e82b8/processed/c0c54a77-1d33-41a4-8e13-92a4840e82b8.mp3,contains_other_or_unknown,1,1,1,1,1,1,1
HSC,c1f946c8-cc9d-4cb2-8535-de058d3a6788,9.0,5.3125,6.5,91.5,7.0,8.0,0.9197727272727272,c1f946c8,c1f946c8-cc9d-4cb2-8535-de058d3a6788/processed/c1f946c8-cc9d-4cb2-8535-de058d3a6788.mp3,male-male,2,2,2,2,2,2,2
HSC,c23b499d-8fde-417a-95fb-958413323675,9.0,5.3125,7.0,89.0,7.0,6.0,0.9552272727272728,c23b499d,c23b499d-8fde-417a-95fb-958413323675/processed/c23b499d-8fde-417a-95fb-958413323675.mp3,female-female,2,2,2,2,2,2,2
HSC,cb5e4872-22af-49fb-a331-0cfe03ce8090,9.0,4.6875,6.666666666666666,93.5,7.0,6.0,0.9592424242424242,cb5e4872,cb5e4872-22af-49fb-a331-0cfe03ce8090/processed/cb5e4872-22af-49fb-a331-0cfe03ce8090.mp3,female-female,2,2,2,2,2,2,2
HSC,ce3f05bf-184f-4ca0-beb7-87635cc93f55,9.0,6.625,6.666666666666666,92.5,7.0,8.5,0.939469696969697,ce3f05bf,ce3f05bf-184f-4ca0-beb7-87635cc93f55/processed/ce3f05bf-184f-4ca0-beb7-87635cc93f55.mp3,male-male,2,2,2,2,2,2,2
HSC,d04dc5b1-4a91-440b-906c-06568280d498,9.0,6.3125,6.5,87.5,7.0,7.5,0.9301515151515152,d04dc5b1,d04dc5b1-4a91-440b-906c-06568280d498/processed/d04dc5b1-4a91-440b-906c-06568280d498.mp3,female-male,2,2,2,2,2,2,2
HSC,d5e05d2b-ef25-4013-a24d-ab22a1e6b323,9.0,6.6875,7.0,96.0,7.0,9.0,0.9659090909090908,d5e05d2b,d5e05d2b-ef25-4013-a24d-ab22a1e6b323/processed/d5e05d2b-ef25-4013-a24d-ab22a1e6b323.mp3,female-male,2,2,2,2,2,2,2
HSC,d713d070-fe2c-4327-8952-e78f45d251a8,9.0,4.875,6.0,95.0,7.0,3.0,0.9348484848484848,d713d070,d713d070-fe2c-4327-8952-e78f45d251a8/processed/d713d070-fe2c-4327-8952-e78f45d251a8.mp3,contains_other_or_unknown,1,1,1,1,1,1,1
HSC,d7b17f1c-b02a-4971-ac95-8dcb2b675e02,9.0,5.5,6.5,91.0,7.0,9.0,0.9463636363636363,d7b17f1c,d7b17f1c-b02a-4971-ac95-8dcb2b675e02/processed/d7b17f1c-b02a-4971-ac95-8dcb2b675e02.mp3,female-female,2,2,2,2,2,2,2
HSC,dbab57c7-0154-4191-be76-5d7f60a0618e,9.0,5.875,6.5,97.5,7.0,9.0,0.9670454545454545,dbab57c7,dbab57c7-0154-4191-be76-5d7f60a0618e/processed/dbab57c7-0154-4191-be76-5d7f60a0618e.mp3,female-male,2,2,2,2,2,2,2
HSC,dc4d280b-baf7-4173-aa45-e80b18fc495c,9.0,6.0625,6.166666666666666,75.0,7.0,7.5,0.9304545454545454,dc4d280b,dc4d280b-baf7-4173-aa45-e80b18fc495c/processed/dc4d280b-baf7-4173-aa45-e80b18fc495c.mp3,female-male,2,2,2,2,2,2,2
HSC,ddbd8c9d-1dc5-45ae-b8e4-7a5d1e266748,9.0,5.25,7.0,99.5,7.0,8.5,0.9217424242424244,ddbd8c9d,ddbd8c9d-1dc5-45ae-b8e4-7a5d1e266748/processed/ddbd8c9d-1dc5-45ae-b8e4-7a5d1e266748.mp3,female-male,2,2,2,2,2,2,2
HSC,debcfb81-d883-4fb5-8c4c-cc98468c96db,9.0,5.375,6.666666666666667,92.0,7.0,8.0,0.9627272727272728,debcfb81,debcfb81-d883-4fb5-8c4c-cc98468c96db/processed/debcfb81-d883-4fb5-8c4c-cc98468c96db.mp3,contains_other_or_unknown,1,1,1,1,1,1,1
HSC,df32d26a-b6eb-4975-aaf5-8907e1036367,9.0,4.8125,6.0,87.5,7.0,6.5,0.946969696969697,df32d26a,df32d26a-b6eb-4975-aaf5-8907e1036367/processed/df32d26a-b6eb-4975-aaf5-8907e1036367.mp3,female-female,2,2,2,2,2,2,2
HSC,e12fed95-8f11-4255-b8c7-f5c0346b8e59,9.0,5.0,6.0,93.5,7.0,7.5,0.9356818181818182,e12fed95,e12fed95-8f11-4255-b8c7-f5c0346b8e59/processed/e12fed95-8f11-4255-b8c7-f5c0346b8e59.mp3,female-female,2,2,2,2,2,2,2
HSC,e8856a77-dc6b-4ddf-81c3-7f50cad6fbd6,8.5,6.6875,7.0,97.5,7.0,8.5,0.9709090909090909,e8856a77,e8856a77-dc6b-4ddf-81c3-7f50cad6fbd6/processed/e8856a77-dc6b-4ddf-81c3-7f50cad6fbd6.mp3,female-female,2,2,2,2,2,2,2
HSC,ea342a4f-891d-4717-8fb3-30bd1dadeca0,9.0,5.1875,6.5,92.0,7.0,7.0,0.9504545454545456,ea342a4f,ea342a4f-891d-4717-8fb3-30bd1dadeca0/processed/ea342a4f-891d-4717-8fb3-30bd1dadeca0.mp3,female-female,2,2,2,2,2,2,2
HSC,ea4c6102-1123-41fc-b8ab-96f4295af3d0,9.0,6.625,7.0,95.5,7.0,9.0,0.9868181818181818,ea4c6102,ea4c6102-1123-41fc-b8ab-96f4295af3d0/processed/ea4c6102-1123-41fc-b8ab-96f4295af3d0.mp3,female-male,2,2,2,2,2,2,2
HSC,ed08b729-0077-4822-9fef-a6c943ad4a71,9.0,4.9375,6.333333333333334,98.0,7.0,8.5,0.9304545454545454,ed08b729,ed08b729-0077-4822-9fef-a6c943ad4a71/processed/ed08b729-0077-4822-9fef-a6c943ad4a71.mp3,female-male,2,2,2,2,2,2,2
HSC,ee19d0ea-462c-47ef-888d-ac3254113e37,9.0,4.375,7.0,100.0,7.0,7.0,0.9322727272727274,ee19d0ea,ee19d0ea-462c-47ef-888d-ac3254113e37/processed/ee19d0ea-462c-47ef-888d-ac3254113e37.mp3,contains_other_or_unknown,1,1,1,1,1,1,1
HSC,efbec81d-6a75-41ee-9f81-c50235743ec4,9.0,6.0625,6.5,88.5,7.0,7.0,0.9486363636363636,efbec81d,efbec81d-6a75-41ee-9f81-c50235743ec4/processed/efbec81d-6a75-41ee-9f81-c50235743ec4.mp3,male-male,2,2,2,2,2,2,2
HSC,fbd36b9b-415f-4681-81f3-9adf5a4f8a8a,9.0,6.25,7.0,96.5,7.0,7.5,0.9803030303030302,fbd36b9b,fbd36b9b-415f-4681-81f3-9adf5a4f8a8a/processed/fbd36b9b-415f-4681-81f3-9adf5a4f8a8a.mp3,female-male,2,2,2,2,2,2,2
HSC,fbfd0f89-900a-4dc8-aa20-1dba94b19ceb,9.0,6.0625,6.666666666666666,90.5,7.0,9.0,0.9661363636363637,fbfd0f89,fbfd0f89-900a-4dc8-aa20-1dba94b19ceb/processed/fbfd0f89-900a-4dc8-aa20-1dba94b19ceb.mp3,female-male,2,2,2,2,2,2,2
HSC,fc8d4e0b-7fae-43d6-9dbe-8fd58ce65a78,9.0,5.0,6.833333333333334,95.0,7.0,6.5,0.9375,fc8d4e0b,fc8d4e0b-7fae-43d6-9dbe-8fd58ce65a78/processed/fc8d4e0b-7fae-43d6-9dbe-8fd58ce65a78.mp3,male-male,2,2,2,2,2,2,2
HSC,fca05c63-0153-4693-a6e4-7841b9b09f18,9.0,6.0625,6.166666666666666,97.5,7.0,9.0,0.9554545454545454,fca05c63,fca05c63-0153-4693-a6e4-7841b9b09f18/processed/fca05c63-0153-4693-a6e4-7841b9b09f18.mp3,female-male,2,2,2,2,2,2,2
HSC,ffe5cccf-82b3-4938-a2e9-38335d188e44,9.0,5.5625,6.5,97.5,7.0,7.5,0.9534090909090909,ffe5cccf,ffe5cccf-82b3-4938-a2e9-38335d188e44/processed/ffe5cccf-82b3-4938-a2e9-38335d188e44.mp3,female-male,2,2,2,2,2,2,2
LSC,02f3959f-e462-42c7-b92e-9ef5a991b98e,4.5,2.6875,4.833333333333334,27.5,3.5,2.5,0.44356060606060604,02f3959f,02f3959f-e462-42c7-b92e-9ef5a991b98e/processed/02f3959f-e462-42c7-b92e-9ef5a991b98e.mp3,female-male,2,2,2,2,2,2,2
LSC,0cf99695-c570-4da0-85f9-02f9bc109e5b,4.5,3.8125,4.5,53.0,2.5,3.5,0.38045454545454543,0cf99695,0cf99695-c570-4da0-85f9-02f9bc109e5b/processed/0cf99695-c570-4da0-85f9-02f9bc109e5b.mp3,female-female,2,2,2,2,2,2,2
LSC,0f6c2eb4-5e44-46c7-8ea5-ddb74702beee,4.5,1.8125,4.5,27.5,4.0,3.5,0.4254545454545454,0f6c2eb4,0f6c2eb4-5e44-46c7-8ea5-ddb74702beee/processed/0f6c2eb4-5e44-46c7-8ea5-ddb74702beee.mp3,female-male,2,2,2,2,2,2,2
LSC,128f15b9-a6e4-4575-8b96-163ff189ee8e,5.0,4.1875,5.333333333333334,47.5,4.0,4.0,0.49257575757575756,128f15b9,128f15b9-a6e4-4575-8b96-163ff189ee8e/processed/128f15b9-a6e4-4575-8b96-163ff189ee8e.mp3,contains_other_or_unknown,2,2,2,2,2,2,2
LSC,1507fb8f-a797-4911-a695-15e9856cb173,4.0,4.1875,4.666666666666667,53.0,5.5,4.5,0.494090909090909,1507fb8f,1507fb8f-a797-4911-a695-15e9856cb173/processed/1507fb8f-a797-4911-a695-15e9856cb173.mp3,female-male,2,2,2,2,2,2,2
LSC,1d28deaa-e598-4cc5-9494-77c5cc82a155,4.5,3.125,5.5,21.0,3.5,2.0,0.41818181818181815,1d28deaa,1d28deaa-e598-4cc5-9494-77c5cc82a155/processed/1d28deaa-e598-4cc5-9494-77c5cc82a155.mp3,female-male,2,2,2,2,2,2,2
LSC,1e19df3e-4637-4eeb-8719-715b1f80b36a,4.5,3.0625,2.833333333333333,50.5,3.5,2.0,0.4009848484848485,1e19df3e,1e19df3e-4637-4eeb-8719-715b1f80b36a/processed/1e19df3e-4637-4eeb-8719-715b1f80b36a.mp3,female-male,2,2,2,2,2,2,2
LSC,22938143-89e2-445c-b3cc-d3503abeda83,4.0,6.1875,6.166666666666666,18.5,3.5,6.0,0.43037878787878786,22938143,22938143-89e2-445c-b3cc-d3503abeda83/processed/22938143-89e2-445c-b3cc-d3503abeda83.mp3,female-male,2,2,2,2,2,2,2
LSC,2609820a-8b4f-4827-b94b-df5244dbb4d8,4.5,2.4375,5.0,37.5,4.5,2.5,0.47143939393939394,2609820a,2609820a-8b4f-4827-b94b-df5244dbb4d8/processed/2609820a-8b4f-4827-b94b-df5244dbb4d8.mp3,contains_other_or_unknown,2,2,2,2,2,2,2
LSC,2b52341f-05ff-4341-905a-c264b228e625,4.0,4.125,5.666666666666666,44.0,4.0,3.5,0.4832575757575758,2b52341f,2b52341f-05ff-4341-905a-c264b228e625/processed/2b52341f-05ff-4341-905a-c264b228e625.mp3,female-female,2,2,2,2,2,2,2
LSC,2d20999a-e929-43c8-9b4f-f220cafc06d1,5.5,4.5,5.833333333333334,55.5,4.5,4.5,0.5454545454545454,2d20999a,2d20999a-e929-43c8-9b4f-f220cafc06d1/processed/2d20999a-e929-43c8-9b4f-f220cafc06d1.mp3,female-male,2,2,2,2,2,2,2
LSC,3edbfb87-6b83-4dd0-a4d8-09ca1eba6a3e,5.0,3.6875,5.666666666666666,40.0,4.0,5.0,0.5113636363636364,3edbfb87,3edbfb87-6b83-4dd0-a4d8-09ca1eba6a3e/processed/3edbfb87-6b83-4dd0-a4d8-09ca1eba6a3e.mp3,male-male,2,2,2,2,2,2,2
LSC,404a442d-2399-435f-b1f5-e4abb0953517,4.0,2.75,4.833333333333333,24.5,3.0,2.0,0.44780303030303026,404a442d,404a442d-2399-435f-b1f5-e4abb0953517/processed/404a442d-2399-435f-b1f5-e4abb0953517.mp3,male-male,2,2,2,2,2,2,2
LSC,43a0eb07-4a0c-4766-bdcf-00eb87dfbb5d,4.0,2.5,5.166666666666667,35.0,3.5,3.5,0.44280303030303025,43a0eb07,43a0eb07-4a0c-4766-bdcf-00eb87dfbb5d/processed/43a0eb07-4a0c-4766-bdcf-00eb87dfbb5d.mp3,female-male,2,2,2,2,2,2,2
LSC,5bde82b3-4a86-497b-a4c6-a26f3ce01e87,5.5,2.875,4.333333333333333,45.0,5.0,2.5,0.49242424242424243,5bde82b3,5bde82b3-4a86-497b-a4c6-a26f3ce01e87/processed/5bde82b3-4a86-497b-a4c6-a26f3ce01e87.mp3,female-male,2,2,2,2,2,2,2
LSC,69fef050-eda2-4dbd-957a-80a8ae7112f4,5.5,4.3125,4.5,65.5,5.0,5.0,0.4326515151515151,69fef050,69fef050-eda2-4dbd-957a-80a8ae7112f4/processed/69fef050-eda2-4dbd-957a-80a8ae7112f4.mp3,female-male,2,2,2,2,2,2,2
LSC,6b083911-932d-4bb5-8fb8-1ba98cb10ac3,5.0,2.5625,4.0,47.5,4.0,3.0,0.523030303030303,6b083911,6b083911-932d-4bb5-8fb8-1ba98cb10ac3/processed/6b083911-932d-4bb5-8fb8-1ba98cb10ac3.mp3,male-male,2,2,2,2,2,2,2
LSC,701ef0cb-c9fb-4050-81cc-2eceb099a891,3.0,1.5,4.0,48.0,2.5,1.5,0.3899242424242424,701ef0cb,701ef0cb-c9fb-4050-81cc-2eceb099a891/processed/701ef0cb-c9fb-4050-81cc-2eceb099a891.mp3,female-female,2,2,2,2,2,2,2
LSC,7580acaa-c235-4550-90e3-db781f7787a4,3.0,4.1875,3.5,35.5,2.5,4.0,0.31537878787878787,7580acaa,7580acaa-c235-4550-90e3-db781f7787a4/processed/7580acaa-c235-4550-90e3-db781f7787a4.mp3,female-female,2,2,2,2,2,2,2
LSC,8352c39a-37af-46ed-9b20-801a5656eadf,5.0,2.375,4.333333333333333,35.5,2.5,3.5,0.42280303030303024,8352c39a,8352c39a-37af-46ed-9b20-801a5656eadf/processed/8352c39a-37af-46ed-9b20-801a5656eadf.mp3,male-male,2,2,2,2,2,2,2
LSC,92c5bc68-fbb8-4743-b0ec-464132eddb33,4.5,4.0,4.666666666666666,46.0,4.0,4.5,0.5109848484848485,92c5bc68,92c5bc68-fbb8-4743-b0ec-464132eddb33/processed/92c5bc68-fbb8-4743-b0ec-464132eddb33.mp3,male-male,2,2,2,2,2,2,2
LSC,949ad667-0831-443f-987c-78e61775fa00,3.0,2.4375,3.333333333333333,20.5,3.5,2.0,0.3141666666666667,949ad667,949ad667-0831-443f-987c-78e61775fa00/processed/949ad667-0831-443f-987c-78e61775fa00.mp3,female-male,2,2,2,2,2,2,2
LSC,9ac9b18d-66a1-4208-b2bd-4f249464632f,4.0,1.875,4.333333333333333,25.0,3.5,4.0,0.43386363636363634,9ac9b18d,9ac9b18d-66a1-4208-b2bd-4f249464632f/processed/9ac9b18d-66a1-4208-b2bd-4f249464632f.mp3,female-male,2,2,2,2,2,2,2
LSC,9e11ca71-f442-49d4-a9c0-3c7ba4afa275,1.5,2.1875,1.6666666666666667,4.5,1.0,1.0,0.18772727272727271,9e11ca71,9e11ca71-f442-49d4-a9c0-3c7ba4afa275/processed/9e11ca71-f442-49d4-a9c0-3c7ba4afa275.mp3,female-female,2,2,2,2,2,2,2
LSC,a227353e-886c-4ccf-8195-0dffe3d28406,4.0,2.1875,4.333333333333334,50.5,4.0,4.5,0.41674242424242425,a227353e,a227353e-886c-4ccf-8195-0dffe3d28406/processed/a227353e-886c-4ccf-8195-0dffe3d28406.mp3,male-male,2,2,2,2,2,2,2
LSC,af66868c-3afa-49db-b53c-9706f6fd28e2,3.5,3.8125,3.0,37.5,3.0,3.0,0.28477272727272723,af66868c,af66868c-3afa-49db-b53c-9706f6fd28e2/processed/af66868c-3afa-49db-b53c-9706f6fd28e2.mp3,female-female,2,2,2,2,2,2,2
LSC,b30b6519-25fb-4651-a820-a2c825bb28ac,2.5,1.0,3.5,25.5,3.0,2.5,0.3251515151515152,b30b6519,b30b6519-25fb-4651-a820-a2c825bb28ac/processed/b30b6519-25fb-4651-a820-a2c825bb28ac.mp3,male-male,2,2,2,2,2,2,2
LSC,b544cbd3-4236-4a66-92fd-2e2256d8343f,5.0,3.5625,3.833333333333333,37.5,4.0,4.0,0.4795454545454545,b544cbd3,b544cbd3-4236-4a66-92fd-2e2256d8343f/processed/b544cbd3-4236-4a66-92fd-2e2256d8343f.mp3,female-female,2,2,2,2,2,2,2
LSC,b877a5bf-3384-4ea0-bf82-cef399a1b00d,3.0,1.25,4.0,59.0,5.0,3.0,0.48242424242424237,b877a5bf,b877a5bf-3384-4ea0-bf82-cef399a1b00d/processed/b877a5bf-3384-4ea0-bf82-cef399a1b00d.mp3,contains_other_or_unknown,1,1,1,1,1,1,1
LSC,ca320919-ceef-481b-9777-bc2fa5319ccc,5.5,2.0625,3.0,19.0,3.5,2.5,0.4503787878787878,ca320919,ca320919-ceef-481b-9777-bc2fa5319ccc/processed/ca320919-ceef-481b-9777-bc2fa5319ccc.mp3,male-male,2,2,2,2,2,2,2
LSC,cf23ba20-e65a-40cd-89a5-fb2fe3ae4e0d,3.5,1.6875,4.5,38.0,3.0,1.5,0.3600757575757575,cf23ba20,cf23ba20-e65a-40cd-89a5-fb2fe3ae4e0d/processed/cf23ba20-e65a-40cd-89a5-fb2fe3ae4e0d.mp3,female-female,2,2,2,2,2,2,2
LSC,d4524fa6-76bf-49fd-af90-16da6d81b37c,3.0,3.3125,3.6666666666666665,39.0,4.5,1.5,0.4131818181818181,d4524fa6,d4524fa6-76bf-49fd-af90-16da6d81b37c/processed/d4524fa6-76bf-49fd-af90-16da6d81b37c.mp3,female-male,2,2,2,2,2,2,2
LSC,dee6cc80-0663-4306-9d62-6d06e4c1ed92,5.0,2.0,3.166666666666667,28.0,4.0,3.0,0.4403030303030303,dee6cc80,dee6cc80-0663-4306-9d62-6d06e4c1ed92/processed/dee6cc80-0663-4306-9d62-6d06e4c1ed92.mp3,female-male,2,2,2,2,2,2,2
LSC,eb3a44ec-b553-4054-bfcd-e4c3b04fcf3e,6.0,3.8125,6.0,42.5,4.5,3.5,0.5437121212121212,eb3a44ec,eb3a44ec-b553-4054-bfcd-e4c3b04fcf3e/processed/eb3a44ec-b553-4054-bfcd-e4c3b04fcf3e.mp3,female-male,2,2,2,2,2,2,2
LSC,f5de68ee-6513-406a-b0fc-49f20873faef,5.0,4.875,4.666666666666667,42.0,4.0,7.0,0.4604545454545454,f5de68ee,f5de68ee-6513-406a-b0fc-49f20873faef/processed/f5de68ee-6513-406a-b0fc-49f20873faef.mp3,contains_other_or_unknown,1,1,1,1,1,1,1
